sample_id,forward_barcode_name,forward_barcode_seq,reverse_barcode_name,reverse_barcode_seq
ePPEmax_ALSP_3dpi_pool,F1,GCGT,R-E,GCTC
ePPEmax_ALSW_3dpi_pool,F1,GCGT,R-F,AGTC
ePPEmax_EPSPS_3dpi_pool,F1,GCGT,R-G,CGAC
PE6c_ALSP_3dpi_pool,F2,GTAG,R-E,GCTC
PE6c_ALSW_3dpi_pool,F2,GTAG,R-F,AGTC
PE6c_EPSPS_3dpi_pool,F2,GTAG,R-G,CGAC
ePPEmax_ALSP_6dpi_pool,F3,ACGC,R-E,GCTC
ePPEmax_ALSW_6dpi_pool,F3,ACGC,R-F,AGTC
ePPEmax_EPSPS_6dpi_pool,F3,ACGC,R-G,CGAC
PE6c_ALSP_6dpi_pool,F4,CTCG,R-A,GCGT
PE6c_ALSW_6dpi_pool,F4,CTCG,R-B,GTAG
PE6c_EPSPS_6dpi_pool,F4,CTCG,R-C,ACGC
WT_ALSP_3dpi_pool,F5,GCTC,R-A,GCGT
WT_ALSW_3dpi_pool,F5,GCTC,R-B,GTAG
WT_EPSPS_3dpi_pool,F5,GCTC,R-C,ACGC
WT_ALSP_6dpi_pool,F6,AGTC,R-A,GCGT
WT_ALSW_6dpi_pool,F6,AGTC,R-B,GTAG
WT_EPSPS_6dpi_pool,F6,AGTC,R-C,ACGC
